Geo_Code,CD_Name,CSD_Name,CSD_type,First generation,Second generation,Third generation or more,Only regular maintenance or minor repairs needed,Major repairs needed,Constructed 1960 or before,Constructed 1961 to 1980,Constructed 1981 to 1990,Constructed 1991 to 2000,Constructed 2001 to 2005,Constructed 2006 to 2011,0 to 1 bedroom,2 bedrooms,3 bedrooms,4 or more bedrooms,Owner,Renter,Band housing,Part of a condominium development,Not part of a condominium development,One person or fewer per room,More than one person per room
5901003,East Kootenay,Elkford,District municipality,285,425,1815,935,55,0,540,285,30,0,120,40,255,325,370,830,165,0,140,850,990,0
5901006,East Kootenay,Sparwood,District municipality,305,645,2710,1480,105,170,900,275,120,40,85,150,235,680,520,1170,420,0,120,1465,1575,0
5901012,East Kootenay,Fernie,City,685,805,2865,1845,145,535,720,310,100,195,130,230,405,730,625,1455,530,0,320,1670,1985,0
5901022,East Kootenay,Cranbrook,City,1375,3330,14120,7420,720,1610,3320,965,1325,245,675,455,2420,2580,2685,6300,1840,0,830,7310,8105,35
5901028,East Kootenay,Kimberley,City,805,1355,4320,2595,355,1435,785,205,270,140,100,285,745,1185,725,2260,685,0,180,2765,2925,0
5901035,East Kootenay,East Kootenay C,Regional district electoral area,535,1185,3975,2110,150,200,970,435,455,85,130,85,400,945,840,2015,240,0,0,2260,2230,35
5901039,East Kootenay,Invermere,District municipality,375,600,1700,1055,130,135,305,215,220,155,155,125,275,385,400,810,375,0,175,1010,1170,0
5901046,East Kootenay,East Kootenay F,Regional district electoral area,280,550,1785,1015,50,35,260,170,305,145,155,90,165,425,390,890,175,0,30,1035,1050,0
5901801,East Kootenay,Tobacco Plains 2,Indian reserve,10,10,40,15,0,10,10,10,0,0,0,0,0,0,10,15,0,10,0,25,20,0
5901803,East Kootenay,Kootenay 1,Indian reserve,Null,Null,Null,20,15,10,0,15,0,0,0,0,10,10,15,25,0,0,0,35,30,0
5901804,East Kootenay,Columbia Lake 3,Indian reserve,Null,Null,Null,25,30,0,20,30,0,0,0,0,10,25,15,40,0,15,0,55,55,0
5901806,East Kootenay,Shuswap,Indian reserve,40,45,210,105,15,0,35,15,30,25,10,0,45,45,30,85,30,0,10,110,120,0
5903004,Central Kootenay,Creston,Town,495,915,3665,2220,240,780,650,425,315,105,185,340,910,720,495,1880,580,0,300,2160,2435,0
5903013,Central Kootenay,Central Kootenay B,Regional district electoral area,525,1065,2855,1635,140,290,640,225,325,70,230,130,540,650,455,1575,205,0,0,1775,1730,50
5903015,Central Kootenay,Nelson,City,1285,2315,6385,4105,525,2280,1115,235,460,155,385,850,1230,1550,1000,2920,1710,0,350,4270,4595,30
5903023,Central Kootenay,Kaslo,Village,140,180,615,400,65,160,225,35,35,0,0,110,130,145,90,335,130,0,0,425,465,0
5903032,Central Kootenay,New Denver,Village,55,90,315,205,25,95,80,0,35,0,0,0,120,70,30,210,25,0,0,235,230,0
5903041,Central Kootenay,Central Kootenay E,Regional district electoral area,560,955,2275,1560,130,370,485,155,350,145,185,105,695,565,330,1465,230,0,25,1665,1690,0
5903043,Central Kootenay,Central Kootenay F,Regional district electoral area,525,810,2620,1455,225,295,385,355,400,175,75,135,365,695,485,1510,165,0,45,1640,1670,0
5903045,Central Kootenay,Castlegar,City,790,1485,5275,3075,275,830,1390,505,410,60,150,235,700,1305,1105,2630,720,0,190,3155,3325,0
5903050,Central Kootenay,Nakusp,Village,145,245,1185,615,110,225,340,70,50,0,40,95,215,190,225,515,210,0,15,710,720,0
5903052,Central Kootenay,Central Kootenay H,Regional district electoral area,580,700,2910,1705,310,280,655,185,320,275,295,290,620,775,325,1725,290,0,0,2000,1995,15
5903058,Central Kootenay,Central Kootenay J,Regional district electoral area,130,465,2335,1105,100,285,470,175,145,40,85,75,405,295,425,1085,125,0,0,1190,1195,0
5903807,Central Kootenay,Creston 1,Indian reserve,10,15,95,20,20,0,0,15,20,0,0,0,0,20,10,15,0,25,0,40,35,0
5905005,Kootenay Boundary,Fruitvale,Village,105,370,1375,715,125,195,520,65,20,0,25,95,160,245,345,680,155,0,0,830,835,0
5905009,Kootenay Boundary,Montrose,Village,75,175,760,420,10,125,225,35,40,0,0,40,30,185,180,405,0,0,0,435,405,0
5905014,Kootenay Boundary,Trail,City,805,1905,4700,3180,490,2345,775,205,170,45,130,560,1065,1320,735,2770,905,0,185,3490,3660,0
5905018,Kootenay Boundary,Warfield,Village,145,360,1185,675,95,540,140,50,0,0,10,50,170,350,200,630,140,0,20,745,760,0
5905023,Kootenay Boundary,Rossland,City,255,915,2350,1315,140,750,470,85,70,30,50,120,210,725,400,1205,255,0,115,1345,1455,0
5905026,Kootenay Boundary,Kootenay Boundary A,Regional district electoral area,70,335,1545,670,50,160,400,70,50,20,20,0,105,315,290,625,95,0,0,720,715,0
5905032,Kootenay Boundary,Grand Forks,City,410,710,2710,1690,140,530,730,205,240,65,65,95,600,745,400,1430,405,0,175,1660,1825,0
5905037,Kootenay Boundary,Midway,Village,75,200,350,285,20,95,100,40,35,25,0,40,95,90,85,250,55,0,0,305,310,0
5907005,Okanagan-Similkameen,Osoyoos,Town,975,1365,2230,2165,95,295,625,300,640,285,115,105,765,870,515,1845,420,0,505,1755,2230,30
5907024,Okanagan-Similkameen,Princeton,Town,200,640,1825,1290,95,470,375,195,185,130,30,355,305,430,295,1010,375,0,65,1325,1380,0
5907035,Okanagan-Similkameen,Summerland,District municipality,1370,2640,6870,4510,245,840,1505,730,1095,325,265,470,1555,1435,1295,3975,780,0,710,4045,4730,25
5907041,Okanagan-Similkameen,Penticton,City,4395,7380,19945,14165,1065,2770,5290,2590,2865,760,965,2635,5325,3940,3330,9730,5500,0,3755,11480,15145,90
5907047,Okanagan-Similkameen,Okanagan-Similkameen D,Regional district electoral area,850,1200,3600,2210,230,305,670,395,680,215,160,50,745,950,690,2270,165,0,85,2350,2415,0
5907051,Okanagan-Similkameen,Okanagan-Similkameen F,Regional district electoral area,290,545,1475,680,85,150,280,140,105,55,0,30,80,230,435,715,50,0,0,760,760,0
5907801,Okanagan-Similkameen,Lower Similkameen 2,Indian reserve,0,10,45,10,10,0,0,0,10,0,0,0,0,0,10,10,0,0,0,15,20,0
5907802,Okanagan-Similkameen,Osoyoos 1,Indian reserve,30,100,455,220,55,0,100,70,70,30,0,10,130,95,35,245,20,10,35,240,270,0
5907803,Okanagan-Similkameen,Penticton 1,Indian reserve,200,445,1020,635,135,15,185,170,275,85,30,60,480,140,90,685,55,25,25,740,750,15
5907805,Okanagan-Similkameen,Chopaka 7 & 8,Indian reserve,0,10,60,15,15,0,10,10,0,0,0,0,0,15,10,20,0,0,0,25,30,0
5907807,Okanagan-Similkameen,Chuchuwayha 2,Indian reserve,0,0,75,20,0,0,0,0,10,0,0,0,10,10,10,10,0,15,0,30,25,0
5907809,Okanagan-Similkameen,Ashnola 10,Indian reserve,0,15,60,15,10,0,0,0,15,0,0,0,0,0,10,15,0,10,0,25,25,0
5909009,Fraser Valley,Hope,District municipality,970,1350,3480,2405,230,605,1010,380,370,140,130,240,725,910,755,2015,620,0,180,2455,2595,40
5909014,Fraser Valley,Fraser Valley A,Regional district electoral area,25,95,305,205,20,50,90,65,20,0,0,0,90,40,40,145,80,0,0,225,225,0
5909020,Fraser Valley,Chilliwack,City,10110,17610,49205,28600,1865,4590,7615,4495,6075,2955,4740,3300,7870,10150,9140,22760,7695,0,7205,23255,30165,300
5909027,Fraser Valley,Harrison Hot Springs,Village,430,360,710,625,45,45,90,50,275,170,35,30,220,300,115,560,100,0,150,520,665,0
5909032,Fraser Valley,Kent,District municipality,735,1085,3005,1925,130,260,555,375,505,240,120,190,415,890,550,1690,365,0,320,1735,2040,15
5909034,Fraser Valley,Fraser Valley D,Regional district electoral area,105,360,820,460,15,30,50,95,150,90,60,25,55,220,175,455,20,0,0,440,435,0
5909036,Fraser Valley,Fraser Valley E,Regional district electoral area,350,695,2135,1340,85,170,560,325,205,110,55,80,505,515,330,1265,160,0,0,1425,1410,0
5909052,Fraser Valley,Abbotsford,City,36040,35390,59525,44070,2380,2590,13025,11920,11290,3805,3820,5470,13180,11490,16310,34450,12005,0,12865,33585,44710,1740
5909056,Fraser Valley,Mission,District municipality,5240,7775,22455,12000,785,1565,4275,2170,2465,1415,895,885,2180,4700,5015,10260,2530,0,1200,11585,12615,175
5909060,Fraser Valley,Fraser Valley F,Regional district electoral area,145,315,860,445,65,105,205,80,100,25,0,40,150,245,75,440,70,0,0,510,510,0
5909804,Fraser Valley,Chawathil 4,Indian reserve,0,0,150,35,10,0,10,15,20,10,0,0,0,25,20,30,10,10,0,45,45,0
5909807,Fraser Valley,Ohamil 1,Indian reserve,10,10,60,20,10,0,0,10,10,0,0,0,10,10,0,10,0,10,0,25,20,0
5909812,Fraser Valley,Schkam 2,Indian reserve,0,0,125,15,15,0,0,0,10,0,10,0,10,20,10,10,0,25,0,30,25,10
5909819,Fraser Valley,Kahmoose 4,Indian reserve,0,0,85,25,0,0,10,15,0,0,0,0,10,10,15,10,0,25,0,30,35,0
5909821,Fraser Valley,Kwawkwawapilt 6,Indian reserve,65,115,165,190,0,0,15,125,55,0,0,0,155,25,0,195,0,0,0,195,195,0
5909824,Fraser Valley,Skwah 4,Indian reserve,10,15,195,30,30,0,25,20,0,0,0,10,15,20,15,50,0,0,0,55,50,10
5909826,Fraser Valley,Skway 5,Indian reserve,15,15,65,25,0,0,0,10,15,10,0,0,10,10,15,15,0,10,0,30,25,0
5909827,Fraser Valley,Soowahlie 14,Indian reserve,0,10,175,40,20,0,10,25,25,0,0,0,10,35,15,35,10,15,0,55,55,0
5909830,Fraser Valley,Tzeachten 13,Indian reserve,195,410,780,640,45,0,75,75,300,40,185,40,445,135,55,640,35,10,0,670,680,0
5909832,Fraser Valley,Seabird Island,Indian reserve,25,40,545,155,50,10,55,45,75,20,15,25,55,70,50,80,35,90,10,195,190,15
5909837,Fraser Valley,Cheam 1,Indian reserve,0,10,210,55,20,0,15,15,30,0,10,0,15,20,25,35,15,15,0,70,65,0
5909839,Fraser Valley,Chehalis 5,Indian reserve,25,60,560,75,110,30,55,60,20,10,15,10,25,90,60,150,25,15,0,190,175,10
5909841,Fraser Valley,Stullawheets 8,Indian reserve,0,10,35,20,0,0,0,10,0,0,0,0,10,10,0,15,0,10,0,20,20,0
5909845,Fraser Valley,Skookumchuck 4,Indian reserve,0,0,100,20,10,0,10,0,0,10,0,0,10,15,0,15,0,15,0,30,30,0
5909875,Fraser Valley,Q'alatkÅÒ7em,Indian reserve,0,0,80,10,15,0,0,0,15,0,0,0,0,10,10,10,0,15,0,20,20,0
5909877,Fraser Valley,Upper Sumas 6,Indian reserve,0,10,175,45,10,0,10,20,25,0,0,0,10,20,20,25,10,25,0,60,55,0
5909878,Fraser Valley,Matsqui Main 2,Indian reserve,0,10,65,20,0,0,0,0,15,0,0,0,0,15,10,10,10,0,0,20,25,0
5909879,Fraser Valley,Holachten 8,Indian reserve,20,40,250,110,25,0,30,40,60,0,0,0,50,65,15,105,15,10,0,135,130,0
5909880,Fraser Valley,Lakahahmen 11,Indian reserve,0,30,145,65,15,0,40,20,20,0,0,10,30,30,10,70,10,0,0,80,75,0
5909881,Fraser Valley,Skweahm 10,Indian reserve,15,45,225,110,0,0,0,20,65,0,0,0,25,70,20,105,0,0,0,110,120,0
5909882,Fraser Valley,Squawkum Creek 3,Indian reserve,0,0,105,20,15,0,15,0,15,0,0,0,0,20,15,15,0,15,0,35,30,0
5909884,Fraser Valley,Skowkale,Indian reserve,90,125,585,335,10,0,10,20,220,50,45,80,125,85,55,320,15,15,25,320,345,0
5909885,Fraser Valley,Squiaala,Indian reserve,0,0,80,25,10,0,0,10,20,0,0,0,10,10,15,20,0,10,0,25,30,0
5915001,Greater Vancouver,Langley,District municipality,19780,25045,58320,35710,1525,2105,9635,7995,9055,3890,4570,2485,7675,13310,13765,31545,5695,0,7460,29780,36775,460
5915002,Greater Vancouver,Langley,City,4150,5425,14905,10655,660,385,4495,2140,2645,625,1020,2605,4410,2550,1745,7350,3960,0,5765,5545,11150,165
5915004,Greater Vancouver,Surrey,City,193730,126500,143105,146070,6780,9175,29605,35810,38305,19225,20735,18025,38135,45465,51225,111660,41185,0,38865,113985,143390,9455
5915007,Greater Vancouver,White Rock,City,4710,5190,8635,9245,620,1425,3335,2365,1660,605,475,2350,4270,1740,1515,6725,3140,0,4055,5810,9740,130
5915011,Greater Vancouver,Delta,District municipality,29220,26725,42795,32655,2100,2655,18660,7355,4105,770,1225,3175,5855,12080,13640,28140,6615,0,4655,30100,34005,745
5915015,Greater Vancouver,Richmond,City,117435,40905,30965,63480,4500,3455,20685,14200,15015,6335,8280,10385,17125,20860,19605,52420,15555,0,29395,38580,64310,3670
5915020,Greater Vancouver,Greater Vancouver A,Regional district electoral area,8480,1955,1940,4765,280,555,475,470,1250,850,1450,1430,2240,685,690,2555,2495,0,2945,2095,4595,455
5915022,Greater Vancouver,Vancouver,City,284800,153330,152075,243125,21445,73615,68460,37795,43275,21085,20340,107395,70095,36960,50115,128440,136135,0,86410,178160,253250,11325
5915025,Greater Vancouver,Burnaby,City,119250,55700,45315,80945,5895,14555,26350,15445,13955,6380,10150,21135,26315,18075,21315,55125,31710,0,32850,53990,81890,4950
5915029,Greater Vancouver,New Westminster,City,23285,16875,24925,27995,2590,7490,7990,4390,5380,1560,3770,11610,10785,4390,3800,17210,13375,0,12965,17620,29325,1260
5915034,Greater Vancouver,Coquitlam,City,54975,28970,41075,42825,2725,3975,14340,9910,11105,2365,3860,6895,10665,12365,15635,33880,11675,0,12865,32690,43860,1690
5915036,Greater Vancouver,Belcarra,Village,125,130,390,260,0,0,105,85,55,0,0,0,30,115,115,245,20,0,0,265,270,0
5915038,Greater Vancouver,Anmore,Village,485,500,1105,600,30,40,80,45,145,180,140,15,50,160,400,575,55,0,0,620,625,0
5915039,Greater Vancouver,Port Coquitlam,City,17030,13715,25040,19380,1270,1320,6490,3600,5870,1535,1830,2550,4710,7060,6335,16125,4520,0,6460,14195,20205,445
5915043,Greater Vancouver,Port Moody,City,10950,7765,14165,12005,625,1060,3615,1320,2425,1675,2540,1325,3740,4305,3265,9715,2920,0,6320,6305,12325,305
5915046,Greater Vancouver,North Vancouver,District municipality,26635,20960,35965,28615,1940,8195,12215,5030,3095,995,1015,3195,5845,9115,12395,24765,5790,0,6920,23635,30045,505
5915051,Greater Vancouver,North Vancouver,City,19135,11160,17395,21015,1775,4380,8385,3780,3060,1415,1770,8620,7260,4120,2790,12390,10400,0,9690,13100,21980,810
5915055,Greater Vancouver,West Vancouver,District municipality,18380,10225,13440,15875,1200,4505,6235,2480,1910,910,1040,2655,3725,4045,6650,13465,3615,0,3595,13485,16905,170
5915065,Greater Vancouver,Lions Bay,Village,395,365,560,470,25,0,305,105,75,0,0,25,45,215,215,430,65,0,25,480,500,0
5915070,Greater Vancouver,Pitt Meadows,City,4140,4220,9355,6400,320,200,1690,1455,1770,620,980,555,1740,2685,1735,5250,1470,0,1910,4810,6640,75
5915075,Greater Vancouver,Maple Ridge,District municipality,13480,17365,44290,26335,1710,2705,6915,6075,6375,3080,2895,2610,5880,9875,9675,22590,5450,0,5390,22660,27675,365
5915801,Greater Vancouver,Semiahmoo,Indian reserve,10,15,85,45,15,20,30,0,0,0,0,20,30,15,0,60,0,0,0,60,65,0
5915802,Greater Vancouver,Tsawwassen,Indian reserve,155,115,445,270,30,15,40,100,130,0,15,30,75,95,95,265,20,10,75,225,300,0
5915803,Greater Vancouver,Musqueam 2,Indian reserve,240,230,1135,470,90,20,295,95,60,25,55,10,80,230,240,390,135,30,0,555,550,10
5915806,Greater Vancouver,Burrard Inlet 3,Indian reserve,425,295,750,635,100,0,0,20,335,250,110,205,405,75,45,535,190,0,660,65,725,0
5915807,Greater Vancouver,Mission 1,Indian reserve,30,45,540,120,55,10,65,50,35,0,0,0,40,50,80,80,10,75,35,135,160,10
5915808,Greater Vancouver,Capilano 5,Indian reserve,1200,325,1145,1195,115,105,850,155,110,55,40,730,320,135,125,210,930,170,165,1150,1205,110
5915811,Greater Vancouver,Seymour Creek 2,Indian reserve,0,10,85,20,10,0,0,10,15,0,0,0,10,0,15,0,0,20,0,30,30,0
5915816,Greater Vancouver,McMillan Island 6,Indian reserve,0,10,55,20,10,0,10,0,10,0,0,0,0,10,10,25,0,0,0,20,20,0
5915825,Greater Vancouver,Matsqui 4,Indian reserve,40,165,175,230,0,0,75,130,30,0,0,0,215,30,0,210,35,0,0,240,245,0
5915830,Greater Vancouver,Katzie 1,Indian reserve,10,15,210,45,20,0,10,35,20,0,0,10,0,30,20,55,0,10,0,65,60,0
5917005,Capital,North Saanich,District municipality,2225,2810,5985,4295,210,525,1360,1325,750,310,235,280,720,1945,1560,4025,480,0,190,4310,4470,0
5917010,Capital,Sidney,Town,2310,2875,5470,5020,310,435,2250,1360,730,310,250,700,2195,1575,860,4280,1045,0,1895,3435,5285,45
5917015,Capital,Central Saanich,District municipality,2625,3855,9245,6280,320,745,2525,1745,845,400,340,665,1505,2470,1960,5315,1285,0,920,5675,6525,70
5917021,Capital,Saanich,District municipality,25660,27565,54630,42970,2425,12530,14895,8820,5770,1880,1495,6130,11500,13435,14325,33245,12140,0,7260,38125,44900,485
5917027,Capital,Capital F,Regional district electoral area,2390,2085,5530,4205,460,565,1465,1020,955,345,320,540,1655,1545,925,3845,815,0,190,4470,4580,90
5917029,Capital,Capital G,Regional district electoral area,1140,1250,2355,2320,210,405,650,500,595,180,200,345,1065,865,260,2235,295,0,0,2530,2515,0
5917030,Capital,Oak Bay,District municipality,4260,4775,8345,7415,350,4945,1840,515,230,125,115,1240,1785,2060,2675,5880,1885,0,840,6925,7730,40
5917034,Capital,Victoria,City,15920,18770,41330,39525,3430,15100,15170,4995,4140,1430,2120,18410,15440,5815,3295,17485,25475,0,11600,31355,42270,685
5917040,Capital,Esquimalt,District municipality,2225,3630,10080,7510,530,2725,3250,810,655,365,230,2150,3005,1935,945,3975,4065,0,1495,6540,7945,90
5917041,Capital,Colwood,City,1860,3375,10770,5850,250,615,2480,1225,575,460,745,440,1150,2460,2050,4775,1320,0,795,5300,6040,55
5917042,Capital,Metchosin,District municipality,690,1080,2710,1675,110,265,665,430,255,55,110,180,325,705,575,1485,300,0,20,1760,1755,30
5917044,Capital,Langford,City,3640,6030,19285,11335,345,895,2995,1025,1850,1635,3285,1320,2970,4315,3080,8855,2825,0,2075,9605,11565,110
5917047,Capital,View Royal,Town,1530,1980,5735,3785,165,590,655,800,915,605,385,580,950,1500,915,2845,1100,0,810,3135,3880,65
5917049,Capital,Highlands,District municipality,210,600,1355,740,35,20,200,160,230,95,80,15,125,275,360,745,35,0,0,775,780,0
5917052,Capital,Sooke,District municipality,1370,2380,7605,4240,265,460,1410,600,765,515,765,325,1180,1910,1090,3675,835,0,385,4120,4490,0
5917054,Capital,Capital H (Part 1),Regional district electoral area,745,850,2655,1685,145,75,525,255,585,170,220,175,465,755,430,1555,270,0,0,1820,1825,0
5917801,Capital,Cole Bay 3,Indian reserve,15,10,305,55,25,10,10,10,40,0,10,0,15,35,25,50,0,25,0,80,75,0
5917802,Capital,Union Bay 4,Indian reserve,10,0,100,30,10,0,10,0,15,0,10,0,10,10,15,25,10,0,0,35,35,0
5917803,Capital,East Saanich 2,Indian reserve,185,345,1175,785,70,0,75,230,340,145,60,155,480,175,45,785,40,25,30,825,825,30
5917804,Capital,South Saanich 1,Indian reserve,50,70,695,140,65,10,85,35,15,20,30,15,55,85,45,160,35,15,0,205,165,40
5917812,Capital,New Songhees 1A,Indian reserve,165,435,1080,775,65,20,395,170,225,10,0,70,540,185,45,635,200,0,0,840,825,20
5917815,Capital,Gordon River 2,Indian reserve,10,0,85,20,10,0,10,15,0,0,0,0,10,10,10,20,0,10,0,30,30,0
5917819,Capital,T'Sou-ke,Indian reserve,10,20,195,70,10,10,10,15,20,20,10,0,15,40,20,45,15,25,0,80,80,0
5919008,Cowichan Valley,North Cowichan,District municipality,3905,6070,18260,11290,760,2150,3780,1895,2485,745,995,965,2895,5105,3085,9355,2700,0,1100,10955,11995,65
5919012,Cowichan Valley,Duncan,City,560,1000,2890,2160,225,730,770,270,425,35,155,570,1020,625,175,1350,1035,0,605,1780,2375,0
5919013,Cowichan Valley,Cowichan Valley D,Regional district electoral area,375,755,1885,1200,70,130,575,155,120,145,150,125,275,525,355,1120,155,0,115,1155,1275,0
5919015,Cowichan Valley,Cowichan Valley G,Regional district electoral area,335,575,1230,895,90,250,365,110,170,40,50,105,325,290,270,875,115,0,0,990,985,0
5919016,Cowichan Valley,Lake Cowichan,Town,285,510,2160,1205,90,440,255,75,355,90,90,120,335,480,360,1005,295,0,130,1160,1275,0
5919017,Cowichan Valley,Cowichan Valley H,Regional district electoral area,275,480,1480,975,45,175,390,140,165,50,100,105,255,385,275,870,145,0,0,1020,1020,0
5919021,Cowichan Valley,Ladysmith,Town,1130,1865,4860,3215,195,885,820,405,655,270,380,250,835,1410,910,2710,700,0,360,3050,3380,35
5919035,Cowichan Valley,Cowichan Valley I,Regional district electoral area,115,285,725,490,90,230,100,115,70,25,30,0,215,265,85,475,100,0,0,575,575,0
5919043,Cowichan Valley,Cowichan Valley A,Regional district electoral area,710,1010,2555,1685,85,150,510,230,450,230,200,155,390,710,510,1605,165,0,120,1650,1755,0
5919046,Cowichan Valley,Cowichan Valley B,Regional district electoral area,955,1720,5320,2930,140,275,685,865,655,225,360,155,595,1195,1120,2785,280,0,15,3050,3045,20
5919049,Cowichan Valley,Cowichan Valley C,Regional district electoral area,930,1075,2790,1960,150,195,575,575,560,105,105,45,755,835,475,1955,160,0,120,1995,2100,15
5919051,Cowichan Valley,Cowichan Valley E,Regional district electoral area,320,855,2645,1380,135,310,590,220,280,60,60,80,290,655,485,1335,180,0,35,1480,1510,0
5919801,Cowichan Valley,Halalt 2,Indian reserve,0,10,150,30,15,0,15,0,0,0,10,0,10,15,10,25,0,10,0,40,30,10
5919802,Cowichan Valley,Squaw-hay-one 11,Indian reserve,0,0,40,10,0,0,0,0,0,0,0,0,0,0,10,0,0,0,0,10,10,0
5919803,Cowichan Valley,Tsussie 6,Indian reserve,0,10,75,15,10,0,0,10,0,0,0,0,0,15,0,10,0,10,0,20,25,0
5919804,Cowichan Valley,Chemainus 13,Indian reserve,10,10,650,95,60,10,40,55,35,10,0,0,15,55,75,45,20,90,0,155,135,15
5919809,Cowichan Valley,Kuper Island 7,Indian reserve,0,0,440,70,55,0,20,35,40,10,20,0,15,75,35,65,15,50,0,125,120,0
5919814,Cowichan Valley,Malachan 11,Indian reserve,0,0,160,40,15,0,10,20,10,0,15,0,25,15,15,25,10,25,0,55,50,0
5919815,Cowichan Valley,Malahat 11,Indian reserve,0,10,95,15,10,0,10,0,10,0,0,0,0,0,10,0,0,15,0,20,15,0
5919816,Cowichan Valley,Oyster Bay 12,Indian reserve,0,0,85,15,10,0,0,0,0,0,0,0,0,0,10,0,0,0,0,20,15,0
5919822,Cowichan Valley,Cowichan,Indian reserve,80,115,2115,385,115,20,95,95,145,85,55,30,60,185,230,305,115,80,15,485,425,75
5921007,Nanaimo,Nanaimo,City,12755,17845,50960,33895,2310,5535,11250,6645,7310,2470,2995,4385,10645,11230,9950,25990,10210,0,5690,30510,35965,245
5921008,Nanaimo,Lantzville,District municipality,665,960,2045,1330,140,235,570,385,190,45,50,50,215,665,530,1330,135,0,0,1440,1460,0
5921010,Nanaimo,Nanaimo A,Regional district electoral area,665,1475,4745,2695,205,400,905,640,505,250,205,165,730,1275,730,2525,380,0,20,2880,2885,0
5921014,Nanaimo,Nanaimo B,Regional district electoral area,945,975,2110,1975,100,155,535,385,685,170,145,270,880,700,225,1870,205,0,50,2020,2040,30
5921016,Nanaimo,Nanaimo C,Regional district electoral area,380,555,1755,975,55,120,290,190,215,90,135,70,235,375,350,865,165,0,0,1035,1025,0
5921018,Nanaimo,Parksville,City,2260,2975,6200,5425,265,350,1585,1140,1495,670,445,385,2520,2295,485,4420,1265,0,1285,4400,5665,20
5921023,Nanaimo,Qualicum Beach,Town,2150,1970,4095,4005,125,265,920,1005,1425,310,200,210,1475,1950,500,3700,425,0,570,3560,4105,25
5921030,Nanaimo,Nanaimo E,Regional district electoral area,1135,1370,3130,2485,100,105,715,570,625,325,250,150,775,1090,575,2355,235,0,105,2475,2580,0
5921032,Nanaimo,Nanaimo F,Regional district electoral area,795,1405,5175,2925,320,255,945,555,700,395,395,355,1100,1165,625,2465,785,0,105,3140,3215,25
5921034,Nanaimo,Nanaimo G,Regional district electoral area,1240,1785,4045,3020,150,115,680,815,810,460,295,55,935,1695,480,2910,260,0,270,2900,3165,0
5921036,Nanaimo,Nanaimo H,Regional district electoral area,590,820,2015,1545,95,185,360,355,305,165,265,150,565,700,220,1310,330,0,85,1555,1635,0
5921804,Nanaimo,Nanaimo Town 1,Indian reserve,10,15,360,105,20,0,25,25,20,10,50,0,25,50,50,55,20,40,0,120,120,0
5921805,Nanaimo,Nanoose,Indian reserve,10,20,180,55,25,0,10,20,20,10,20,0,15,40,15,15,0,55,10,65,80,0
5921806,Nanaimo,Qualicum,Indian reserve,0,15,65,30,10,0,10,10,0,0,10,0,10,15,10,20,0,10,0,30,30,0
5921807,Nanaimo,Nanaimo River,Indian reserve,0,0,290,90,10,10,20,25,25,0,20,10,15,30,45,20,0,70,0,95,95,0
5923008,Alberni-Clayoquot,Port Alberni,City,1555,3225,12620,7085,855,3460,2845,690,640,140,170,800,2230,2760,2155,5380,2565,0,440,7505,7860,85
5923033,Alberni-Clayoquot,Alberni-Clayoquot B,Regional district electoral area,55,110,290,170,0,40,90,0,35,0,0,0,20,85,80,180,0,0,0,195,200,0
5923035,Alberni-Clayoquot,Alberni-Clayoquot D,Regional district electoral area,200,230,1255,655,120,115,310,130,155,30,25,0,180,215,325,680,90,0,0,765,755,0
5923037,Alberni-Clayoquot,Alberni-Clayoquot E,Regional district electoral area,240,655,1980,1065,120,330,460,170,155,25,50,70,305,450,355,1040,145,0,0,1180,1165,0
5923039,Alberni-Clayoquot,Alberni-Clayoquot F,Regional district electoral area,245,335,1320,695,165,220,330,135,95,50,20,20,210,425,200,760,95,0,0,850,855,0
5923801,Alberni-Clayoquot,Ahahswinis 1,Indian reserve,0,10,145,50,10,10,10,10,10,20,0,0,10,25,20,40,20,0,0,55,60,0
5923803,Alberni-Clayoquot,Anacla 12,Indian reserve,0,0,65,20,20,0,25,10,10,0,0,0,15,15,10,15,10,15,0,45,40,0
5923807,Alberni-Clayoquot,Ittatsoo 1,Indian reserve,15,10,220,80,10,0,20,25,0,0,30,0,30,35,20,45,10,30,0,85,85,0
5923808,Alberni-Clayoquot,Marktosis 15,Indian reserve,0,15,700,80,80,0,35,45,40,20,20,0,25,75,55,100,10,50,0,160,130,30
5923813,Alberni-Clayoquot,Opitsat 1,Indian reserve,0,0,150,45,0,0,15,10,10,15,0,0,15,15,10,0,0,45,0,50,45,0
5923816,Alberni-Clayoquot,Tsahaheh 1,Indian reserve,25,30,530,135,55,10,45,45,30,0,55,15,40,95,45,135,45,0,10,185,185,10
5923823,Alberni-Clayoquot,Esowista 3,Indian reserve,10,10,160,25,15,0,0,15,10,0,0,0,0,20,15,35,0,0,0,40,30,0
5923824,Alberni-Clayoquot,Refuge Cove 6,Indian reserve,0,0,75,20,10,0,15,0,10,0,0,0,0,10,10,20,0,10,0,30,30,0
5924029,Strathcona,Zeballos,Village,0,30,55,20,0,30,0,0,0,0,0,0,30,0,0,40,0,0,0,45,45,0
5924034,Strathcona,Campbell River,City,3310,6170,21250,12355,1065,1370,4910,2365,2720,700,1355,1075,3445,5755,3145,9975,3450,0,1935,11485,13365,60
5924039,Strathcona,Sayward,Village,65,65,180,135,0,0,115,0,0,0,0,0,45,90,25,155,20,0,0,160,170,0
5924042,Strathcona,Strathcona D (Oyster Bay - Buttle Lake),Regional district electoral area,395,735,2820,1555,135,130,735,555,205,25,40,60,325,960,340,1480,210,0,20,1675,1695,0
5924052,Strathcona,Strathcona B,Regional district electoral area,270,390,535,480,75,50,145,60,115,25,170,190,130,155,75,385,170,0,0,550,555,0
5924054,Strathcona,Strathcona C,Regional district electoral area,510,380,1410,905,240,160,320,270,215,50,135,240,395,325,200,890,255,0,0,1145,1135,0
5924804,Strathcona,Campbell River 11,Indian reserve,10,20,390,120,25,10,25,25,35,30,20,0,35,65,40,130,10,10,0,145,140,0
5924806,Strathcona,Houpsitas 6,Indian reserve,0,0,180,20,20,0,10,10,15,10,0,0,10,25,0,0,0,40,0,40,20,20
5924812,Strathcona,Quinsam 12,Indian reserve,10,15,225,75,10,0,10,10,25,20,15,0,25,30,25,80,0,0,0,80,85,0
5924817,Strathcona,Cape Mudge 10,Indian reserve,0,0,140,50,15,25,10,10,10,0,0,10,15,20,20,55,10,0,0,60,65,0
5924820,Strathcona,Tork 7,Indian reserve,0,10,40,25,10,0,20,10,0,0,0,0,10,10,0,0,20,10,0,30,30,0
5924835,Strathcona,Tsa Xana 18,Indian reserve,0,0,235,30,25,0,0,0,40,0,10,10,15,15,20,15,15,30,0,60,45,10
5924836,Strathcona,Ehatis 11,Indian reserve,0,0,70,10,10,0,0,0,10,0,0,0,0,0,10,0,0,10,0,10,10,0
5924840,Strathcona,Homalco 9,Indian reserve,10,10,190,50,25,0,0,10,50,0,0,0,20,20,25,10,55,10,0,75,70,0
5926005,Comox Valley,Comox,Town,1760,2945,8580,5700,275,650,1865,930,1335,430,765,340,1600,2525,1515,4655,1320,0,985,4990,5950,20
5926010,Comox Valley,Courtenay,City,3075,5270,15230,10305,585,1025,2845,1690,3060,1135,1135,1045,3650,4190,2000,7575,3315,0,2115,8770,10795,95
5926014,Comox Valley,Cumberland,Village,245,625,2465,1280,120,505,185,150,170,75,320,105,365,685,250,1150,255,0,65,1345,1385,15
5926021,Comox Valley,Comox Valley A,Regional district electoral area,1195,1715,3950,2985,235,550,920,805,525,230,195,390,865,1255,710,2760,460,0,50,3175,3195,30
5926022,Comox Valley,Comox Valley B (Lazo North),Regional district electoral area,955,1325,4635,2765,160,445,980,635,545,135,200,160,705,1220,840,2555,370,0,15,2905,2905,25
5926024,Comox Valley,Comox Valley C (Puntledge - Black Creek),Regional district electoral area,1130,1760,5380,3060,310,390,1305,760,630,140,150,140,995,1395,840,2890,485,0,0,3375,3340,35
5926801,Comox Valley,Comox 1,Indian reserve,15,20,185,70,25,10,20,25,35,0,0,0,25,40,30,80,10,10,0,90,95,0
5927008,Powell River,Powell River,City,1610,3010,8155,5345,560,2295,1990,540,685,195,210,600,1595,1955,1750,4610,1295,0,390,5510,5885,15
5927012,Powell River,Powell River B,Regional district electoral area,150,325,1020,620,55,125,220,50,215,10,50,45,180,285,160,505,165,0,0,655,675,0
5927018,Powell River,Powell River D,Regional district electoral area,155,275,525,370,160,215,125,140,20,0,25,170,180,150,30,490,45,0,0,535,525,0
5927020,Powell River,Powell River E,Regional district electoral area,70,110,245,155,90,0,30,115,55,0,25,135,75,30,0,180,60,0,0,240,235,0
5927802,Powell River,Sliammon 1,Indian reserve,25,40,585,180,90,80,60,55,35,10,35,30,70,120,55,160,50,65,0,275,270,0
5929005,Sunshine Coast,Gibsons,Town,810,1050,2355,1815,200,370,470,415,455,145,160,285,610,750,365,1415,605,0,510,1505,1995,15
5929011,Sunshine Coast,Sechelt,District municipality,1900,2420,4790,4140,155,420,970,770,1035,440,665,485,1035,1900,875,3555,740,0,535,3755,4300,0
5929018,Sunshine Coast,Sunshine Coast A,Regional district electoral area,465,720,1595,1275,135,165,455,255,220,205,115,165,615,465,175,1215,200,0,25,1385,1400,0
5929022,Sunshine Coast,Sunshine Coast B,Regional district electoral area,480,560,1470,990,85,50,330,235,245,95,115,85,290,425,275,985,90,0,0,1065,1075,0
5929024,Sunshine Coast,Sunshine Coast D,Regional district electoral area,510,770,1995,1220,150,140,530,210,345,75,60,280,295,400,390,1050,315,0,0,1360,1370,0
5929026,Sunshine Coast,Sunshine Coast E,Regional district electoral area,595,875,2070,1320,115,115,480,215,450,95,80,85,350,635,365,1320,110,0,0,1430,1425,0
5929028,Sunshine Coast,Sunshine Coast F,Regional district electoral area,250,500,1130,840,50,150,300,200,180,50,0,65,280,390,155,650,235,0,0,870,875,0
5929803,Sunshine Coast,Sechelt (Part),Indian government district,95,140,515,290,65,75,115,30,90,15,30,45,155,105,45,245,30,75,40,315,350,0
5931006,Squamish-Lillooet,Squamish,District municipality,3135,3875,9885,6045,475,420,2395,950,1285,510,960,765,1260,2830,1670,4740,1780,0,1690,4830,6400,115
5931020,Squamish-Lillooet,Whistler,District municipality,2350,2085,4695,3725,175,120,635,1050,1125,305,665,945,1050,1105,795,2500,1395,0,1785,2115,3735,165
5931026,Squamish-Lillooet,Lillooet,District municipality,195,440,1630,925,145,205,420,210,180,0,30,145,330,305,285,830,240,0,85,980,1045,0
5931032,Squamish-Lillooet,Squamish-Lillooet A,Regional district electoral area,0,60,60,85,0,0,55,0,0,0,0,0,50,0,25,100,0,0,0,95,95,0
5931034,Squamish-Lillooet,Squamish-Lillooet B,Regional district electoral area,55,125,230,120,45,25,55,85,10,0,0,0,10,105,45,100,65,0,0,170,160,0
5931801,Squamish-Lillooet,Cheakamus 11,Indian reserve,10,0,60,10,10,0,0,0,10,0,0,0,10,0,10,10,0,10,0,20,20,0
5931806,Squamish-Lillooet,Seaichem 16,Indian reserve,10,10,40,20,10,0,10,15,0,0,0,0,15,10,0,25,0,0,0,30,30,0
5931807,Squamish-Lillooet,Stawamus 24,Indian reserve,0,0,90,15,10,0,0,10,10,0,0,0,0,0,15,20,0,10,0,25,30,0
5931808,Squamish-Lillooet,Waiwakum 14,Indian reserve,10,10,95,20,15,0,10,10,0,0,0,0,0,10,20,15,0,15,10,25,30,0
5931812,Squamish-Lillooet,Nesuch 3,Indian reserve,0,10,100,30,15,0,10,10,0,15,0,10,20,10,10,40,0,0,0,45,40,10
5931813,Squamish-Lillooet,Bridge River 1,Indian reserve,0,15,220,70,15,0,15,15,40,10,0,10,15,45,30,20,0,60,0,85,85,0
5931814,Squamish-Lillooet,Cayoosh Creek 1,Indian reserve,0,0,50,15,10,0,0,10,10,0,0,0,10,10,10,0,0,25,0,25,25,0
5931815,Squamish-Lillooet,Chilhil 6,Indian reserve,0,0,65,0,20,0,0,15,0,0,0,0,10,10,10,10,10,0,0,25,25,0
5931816,Squamish-Lillooet,Fountain  1,Indian reserve,0,0,120,15,30,0,15,10,10,10,0,0,20,10,15,35,10,0,0,45,40,0
5931821,Squamish-Lillooet,Lillooet 1,Indian reserve,10,10,200,70,15,0,20,20,30,10,15,10,25,30,30,40,10,35,0,90,85,0
5931823,Squamish-Lillooet,McCartney's Flat 4,Indian reserve,0,0,40,10,0,0,0,10,0,0,0,0,0,0,15,0,0,15,0,20,15,0
5931829,Squamish-Lillooet,Pavilion 1,Indian reserve,0,0,50,10,10,0,15,0,10,0,0,0,0,0,10,0,0,20,0,20,20,0
5931831,Squamish-Lillooet,Slosh 1,Indian reserve,0,0,220,65,20,0,25,25,30,0,0,15,20,35,15,0,0,90,0,85,90,0
5931842,Squamish-Lillooet,Fountain  1B,Indian reserve,0,0,45,10,0,0,0,0,0,0,0,0,0,10,0,15,0,0,0,15,15,0
5931843,Squamish-Lillooet,Mount Currie,Indian reserve,20,20,1260,225,165,20,85,140,85,40,25,40,105,145,100,250,80,60,25,365,355,40
5931844,Squamish-Lillooet,Nequatque,Indian reserve,0,10,290,70,30,0,25,25,30,15,0,10,25,35,25,80,15,0,0,100,95,0
5933006,Thompson-Nicola,Merritt,City,585,1195,5110,2685,215,595,1105,350,540,135,175,285,720,1010,890,2155,750,0,130,2775,2825,80
5933008,Thompson-Nicola,Thompson-Nicola M,Regional district electoral area,140,285,1385,720,75,120,340,75,155,40,75,35,250,350,160,660,135,0,25,775,780,0
5933019,Thompson-Nicola,Ashcroft,Village,140,320,1100,685,70,95,455,110,80,0,15,65,185,285,225,595,160,0,70,690,760,0
5933024,Thompson-Nicola,Cache Creek,Village,45,125,845,450,35,70,230,75,60,0,45,60,120,165,140,405,80,0,10,475,485,0
5933035,Thompson-Nicola,Logan Lake,District municipality,190,475,1405,945,40,25,575,295,55,0,20,105,275,355,250,810,175,0,95,895,985,0
5933039,Thompson-Nicola,Thompson-Nicola J (Copper Desert Country),Regional district electoral area,145,355,1025,595,55,55,225,175,95,50,50,120,150,175,205,595,55,0,30,625,650,0
5933042,Thompson-Nicola,Kamloops,City,8960,16375,58395,32855,2170,4370,15235,4725,6290,1885,2505,4010,7820,10545,12645,25810,9215,0,5915,29105,34795,225
5933044,Thompson-Nicola,Thompson-Nicola P (Rivers and the Peaks),Regional district electoral area,225,695,2735,1360,175,45,505,390,390,65,145,80,385,570,500,1385,150,0,45,1490,1530,0
5933045,Thompson-Nicola,Sun Peaks Mountain,Village,75,65,215,155,0,0,0,0,70,70,20,25,70,25,55,120,55,0,50,120,175,0
5933054,Thompson-Nicola,Chase,Village,110,580,1660,1130,65,200,395,175,265,25,135,195,430,340,235,915,285,0,85,1105,1170,25
5933067,Thompson-Nicola,Clearwater,District municipality,195,310,1965,865,150,45,565,135,160,60,45,75,200,370,365,865,155,0,20,1000,1010,0
5933068,Thompson-Nicola,Thompson-Nicola A (Wells Gray Country),Regional district electoral area,110,250,1050,600,75,60,395,115,75,0,25,35,215,290,140,640,40,0,0,685,660,0
5933801,Thompson-Nicola,Coldwater 1,Indian reserve,0,10,330,70,45,0,25,45,15,15,0,10,25,45,40,100,10,10,0,110,105,10
5933802,Thompson-Nicola,Douglas Lake 3,Indian reserve,0,0,155,35,30,10,20,10,15,0,0,0,15,30,15,45,0,15,0,65,60,10
5933805,Thompson-Nicola,Joeyaska 2,Indian reserve,0,0,35,10,10,0,10,0,0,0,0,0,0,10,10,10,0,0,0,15,15,0
5933806,Thompson-Nicola,Nicola Lake 1,Indian reserve,0,0,140,35,20,10,20,10,10,10,0,0,20,20,10,50,10,0,0,60,55,0
5933807,Thompson-Nicola,Nicola Mameet 1,Indian reserve,20,20,545,160,35,10,45,40,75,20,15,15,60,85,35,95,75,25,0,200,185,10
5933808,Thompson-Nicola,Nooaitch 10,Indian reserve,0,0,120,20,20,0,15,10,0,20,0,0,15,20,10,20,15,10,0,45,45,0
5933809,Thompson-Nicola,Paul's Basin 2,Indian reserve,0,0,40,0,0,0,0,0,0,0,0,0,0,0,0,10,0,0,0,0,10,0
5933812,Thompson-Nicola,Bonaparte 3,Indian reserve,0,0,130,25,20,0,20,15,10,0,0,0,10,15,25,0,0,45,0,45,45,0
5933814,Thompson-Nicola,Canoe Creek 1,Indian reserve,0,0,100,15,10,0,10,10,10,0,0,0,10,10,10,20,0,0,0,25,30,0
5933817,Thompson-Nicola,Skeetchestn,Indian reserve,10,20,225,70,30,10,25,25,40,0,10,0,30,45,25,85,10,10,0,100,100,0
5933825,Thompson-Nicola,Inklyuhkinatko 2,Indian reserve,0,0,40,10,0,0,0,0,10,0,0,0,0,0,0,15,0,0,0,10,10,0
5933829,Thompson-Nicola,Klahkamich 17,Indian reserve,0,0,50,10,10,0,10,10,0,0,0,0,0,10,10,15,0,0,0,15,15,0
5933832,Thompson-Nicola,Klickkumcheen 18,Indian reserve,0,0,85,25,10,0,10,15,0,0,0,0,10,10,10,25,0,0,0,30,25,0
5933833,Thompson-Nicola,Inkluckcheen,Indian reserve,10,10,200,55,10,0,10,35,0,0,15,15,25,10,20,35,15,20,0,70,60,0
5933836,Thompson-Nicola,Lower Hat Creek 2,Indian reserve,0,0,50,10,10,0,0,0,10,0,0,0,0,0,10,10,0,10,0,15,15,0
5933838,Thompson-Nicola,Neskonlith,Indian reserve,0,10,220,50,30,0,10,20,30,20,0,0,15,40,25,50,15,15,0,75,75,0
5933844,Thompson-Nicola,Ashcroft 4,Indian reserve,0,0,75,15,0,0,0,0,10,0,0,0,0,10,10,0,0,25,0,25,30,0
5933849,Thompson-Nicola,Siska Flat,Indian reserve,0,0,95,35,0,0,0,10,20,0,0,0,10,20,10,20,10,10,0,35,35,0
5933851,Thompson-Nicola,Nicomen 1,Indian reserve,0,0,65,15,0,0,0,10,10,0,0,0,0,0,10,0,0,15,0,20,20,0
5933853,Thompson-Nicola,Nuuautin 2,Indian reserve,0,0,120,20,15,0,15,15,10,0,0,0,0,15,20,30,0,0,0,40,35,0
5933859,Thompson-Nicola,Shackan 11,Indian reserve,0,0,55,10,15,0,10,10,0,0,0,0,10,10,10,25,0,0,0,25,30,0
5933872,Thompson-Nicola,Marble Canyon 3,Indian reserve,0,10,60,10,15,0,0,10,10,0,0,0,10,0,10,0,0,25,0,25,25,0
5933873,Thompson-Nicola,Stryen 9,Indian reserve,0,0,70,15,10,0,0,10,10,0,0,0,0,0,15,10,0,0,0,20,20,0
5933877,Thompson-Nicola,Whispering Pines 4,Indian reserve,0,0,55,10,15,0,10,10,0,0,0,0,0,10,0,10,10,0,0,20,20,0
5933880,Thompson-Nicola,Kamloops 1,Indian reserve,250,355,1935,1020,110,30,205,90,190,165,455,120,295,430,280,910,185,35,235,890,1120,0
5933884,Thompson-Nicola,Sahhaltkum 4,Indian reserve,0,15,305,95,15,0,30,20,30,20,0,0,15,35,50,85,10,10,0,100,100,0
5933887,Thompson-Nicola,North Thompson 1,Indian reserve,10,10,230,80,15,0,10,45,25,10,0,10,25,35,35,75,0,10,0,95,90,0
5933896,Thompson-Nicola,Nekliptum  1,Indian reserve,0,0,60,10,0,0,0,0,10,0,0,0,0,0,10,0,0,10,0,10,10,0
5935010,Central Okanagan,Kelowna,City,17390,25225,71955,47465,2200,3695,15710,8810,10050,5530,5875,5900,16520,12950,14300,35580,14090,0,12975,36690,49165,505
5935012,Central Okanagan,Central Okanagan,Regional district electoral area,550,655,2645,1490,45,160,395,270,360,185,170,70,345,595,530,1295,250,0,80,1460,1535,0
5935016,Central Okanagan,Lake Country,District municipality,1515,2335,7510,4265,230,410,1500,590,735,465,790,325,985,1445,1745,3680,815,0,375,4120,4435,60
5935018,Central Okanagan,Peachland,District municipality,820,1050,3280,2200,115,90,790,290,615,270,260,145,575,950,650,1995,320,0,325,1990,2315,0
5935020,Central Okanagan,Central Okanagan J,Regional district electoral area,305,395,1165,825,10,10,105,195,350,45,135,90,220,310,215,790,45,0,0,835,840,0
5935029,Central Okanagan,West Kelowna,District municipality,4555,6275,19720,11290,505,260,3365,1895,2945,1535,1800,455,2465,3780,5110,9990,1815,0,1450,10350,11745,55
5935802,Central Okanagan,Tsinstikeptum  9,Indian reserve,625,1195,4000,2520,275,30,800,370,860,125,605,90,1460,1020,225,2405,375,15,225,2575,2790,10
5935803,Central Okanagan,Tsinstikeptum 10,Indian reserve,140,275,775,460,0,0,55,120,170,105,30,20,105,250,110,430,60,0,0,470,490,0
5937010,North Okanagan,Coldstream,District municipality,1430,2195,6570,3645,160,530,1270,685,695,305,315,130,555,1180,1935,3350,445,0,130,3670,3765,30
5937014,North Okanagan,Vernon,City,4310,7690,24480,15260,1155,2250,5775,2280,3620,1165,1330,1705,5100,5320,4295,11690,4730,0,3995,12420,16265,150
5937017,North Okanagan,North Okanagan B,Regional district electoral area,510,630,1965,1110,110,105,605,125,190,130,55,55,290,365,515,980,240,0,0,1220,1215,0
5937021,North Okanagan,North Okanagan C,Regional district electoral area,510,810,2455,1360,65,210,615,195,160,145,100,105,170,485,660,1200,220,0,0,1360,1420,0
5937022,North Okanagan,North Okanagan D,Regional district electoral area,300,590,1700,965,140,100,405,155,200,95,145,110,215,460,305,985,115,0,0,1095,1060,35
5937024,North Okanagan,Spallumcheen,District municipality,420,1065,3565,1690,260,335,695,425,320,135,35,60,370,705,815,1665,285,0,0,1945,1910,40
5937028,North Okanagan,Armstrong,City,385,1020,3270,1875,110,330,570,285,510,95,195,160,575,695,555,1605,380,0,405,1585,1970,15
5937033,North Okanagan,Enderby,City,235,635,2095,1290,125,310,250,310,350,80,120,140,580,355,345,1015,400,0,275,1140,1405,0
5937041,North Okanagan,North Okanagan F,Regional district electoral area,470,780,2605,1385,175,295,595,240,190,135,105,60,435,605,450,1270,290,0,0,1550,1495,65
5937801,North Okanagan,Okanagan (Part) 1,Indian reserve,255,560,1745,1140,95,35,135,155,415,240,250,60,630,380,160,1085,105,45,175,1055,1220,10
5937802,North Okanagan,Enderby 2,Indian reserve,10,40,360,90,65,10,45,20,25,15,30,20,50,50,25,95,25,35,0,150,145,10
5937803,North Okanagan,Priest's Valley 6,Indian reserve,45,180,375,315,0,0,60,50,50,125,0,0,200,110,0,315,0,0,0,335,335,0
5939019,Columbia-Shuswap,Revelstoke,City,775,1440,4845,2740,335,1025,1285,255,280,25,215,385,695,995,1000,2305,770,0,170,2905,3060,0
5939023,Columbia-Shuswap,Columbia-Shuswap B,Regional district electoral area,125,140,285,240,0,0,115,50,55,0,0,0,95,75,70,215,25,0,0,240,235,0
5939032,Columbia-Shuswap,Salmon Arm,City,1945,3560,11360,6850,495,975,2490,1005,1725,560,590,675,2135,2180,2355,5565,1780,0,895,6455,7265,85
5939037,Columbia-Shuswap,Columbia-Shuswap C,Regional district electoral area,745,1895,4960,3165,245,300,780,550,1070,335,370,115,955,1455,880,3060,345,0,90,3315,3370,35
5939039,Columbia-Shuswap,Columbia-Shuswap D,Regional district electoral area,365,840,2805,1440,180,245,615,160,360,85,160,115,415,580,510,1360,265,0,0,1610,1600,25
5939043,Columbia-Shuswap,Columbia-Shuswap E,Regional district electoral area,140,230,965,505,100,95,220,70,145,45,0,70,195,185,150,480,125,0,0,600,605,0
5939803,Columbia-Shuswap,North Bay 5,Indian reserve,0,0,65,25,0,0,10,10,10,0,0,0,10,10,10,25,10,0,0,30,25,0
5939804,Columbia-Shuswap,Okanagan (Part) 1,Indian reserve,0,10,60,15,20,0,10,10,10,0,0,0,15,10,10,30,0,0,0,35,35,0
5939805,Columbia-Shuswap,Quaaout 1,Indian reserve,0,20,210,90,10,10,15,30,10,10,25,20,15,40,20,60,15,25,0,95,100,0
5939806,Columbia-Shuswap,Salmon River 1,Indian reserve,0,0,40,10,10,0,0,0,0,0,0,0,0,0,0,10,0,0,0,15,10,0
5939808,Columbia-Shuswap,Switsemalph 3,Indian reserve,0,15,75,15,0,0,10,0,10,0,0,0,0,10,10,15,0,0,0,25,20,0
5939811,Columbia-Shuswap,Switsemalph,Indian reserve,0,10,120,30,15,0,15,10,10,0,10,0,10,15,15,35,10,0,0,45,40,0
5941009,Cariboo,Williams Lake,City,1075,1765,7765,4130,400,590,2260,620,640,185,225,470,1275,1380,1405,2855,1675,0,345,4185,4460,70
5941010,Cariboo,Cariboo D,Regional district electoral area,190,575,2290,1130,110,65,675,195,185,50,65,40,275,530,395,1105,130,0,0,1235,1235,0
5941012,Cariboo,Cariboo E,Regional district electoral area,255,710,3160,1510,170,125,820,350,285,35,70,40,390,500,745,1570,115,0,0,1670,1675,0
5941013,Cariboo,Quesnel,City,1050,1750,7025,3960,370,815,1985,655,655,120,100,515,1085,1440,1280,2790,1535,0,195,4130,4270,60
5941014,Cariboo,Cariboo F,Regional district electoral area,525,780,3245,1675,230,160,515,460,480,140,150,95,385,755,670,1745,160,0,0,1900,1895,0
5941015,Cariboo,Cariboo G,Regional district electoral area,515,1140,3270,1875,245,140,915,540,350,60,125,110,520,780,705,1900,225,0,0,2110,2110,0
5941016,Cariboo,Cariboo H,Regional district electoral area,205,265,1085,665,70,60,330,130,175,0,35,100,160,355,115,640,90,0,0,735,690,0
5941017,Cariboo,Cariboo L,Regional district electoral area,535,880,2755,1695,185,90,795,405,400,75,120,90,420,835,535,1740,145,0,0,1885,1885,0
5941019,Cariboo,Cariboo A,Regional district electoral area,395,1195,4650,2340,195,215,1235,445,400,130,115,70,640,965,860,2220,315,0,0,2530,2510,25
5941021,Cariboo,Cariboo B,Regional district electoral area,345,665,2995,1520,185,140,810,245,325,80,105,70,390,680,565,1545,160,0,0,1710,1700,0
5941025,Cariboo,Wells,District municipality,45,70,145,85,30,65,35,0,0,0,0,15,55,35,10,55,65,0,0,105,120,0
5941026,Cariboo,Cariboo C,Regional district electoral area,100,150,965,335,120,35,305,65,45,0,0,25,140,140,155,370,80,0,0,455,425,0
5941027,Cariboo,Cariboo I,Regional district electoral area,170,265,1010,550,85,70,320,125,60,40,20,70,165,175,225,555,90,0,0,635,630,0
5941039,Cariboo,Cariboo J,Regional district electoral area,140,160,290,245,50,50,50,55,95,25,20,85,100,95,15,230,65,0,0,295,270,0
5941801,Cariboo,Alkali Lake 1,Indian reserve,0,0,350,80,35,0,35,20,50,0,10,0,35,50,25,10,10,95,0,110,100,15
5941802,Cariboo,Canim Lake 1,Indian reserve,0,0,220,40,30,0,20,30,20,0,0,0,10,15,40,10,10,45,0,65,65,0
5941805,Cariboo,Deep Creek 2,Indian reserve,0,0,105,25,10,0,0,10,15,0,0,0,15,20,0,25,10,10,0,35,35,0
5941806,Cariboo,Dog Creek 1,Indian reserve,0,0,80,15,10,0,10,10,10,0,0,0,10,15,0,10,0,20,0,30,30,0
5941808,Cariboo,Lohbiee 3,Indian reserve,0,0,115,30,0,10,0,0,0,0,15,10,10,25,0,20,0,20,0,35,35,0
5941809,Cariboo,Quesnel 1,Indian reserve,0,0,80,10,20,0,10,0,15,0,0,0,0,15,0,30,0,0,0,30,25,0
5941812,Cariboo,Williams Lake 1,Indian reserve,10,10,215,50,30,0,25,15,25,0,10,10,25,35,10,40,0,35,10,75,75,0
5941821,Cariboo,Anahim's Flat 1,Indian reserve,0,0,465,65,55,10,45,35,30,10,0,0,20,65,35,35,10,80,10,110,110,10
5941828,Cariboo,Chilco Lake 1,Indian reserve,0,0,45,10,10,0,0,0,0,0,0,0,0,10,0,10,0,10,0,20,15,0
5941837,Cariboo,Nazco 20,Indian reserve,0,0,130,20,15,0,10,0,10,10,10,0,10,10,10,10,0,30,0,35,35,0
5941839,Cariboo,Redstone Flat 1,Indian reserve,0,0,185,40,15,0,20,10,15,0,0,10,15,30,0,25,0,25,0,55,50,10
5941840,Cariboo,Squinas 2,Indian reserve,0,0,165,20,30,0,15,15,15,0,0,0,15,15,10,15,0,30,0,45,35,10
5941841,Cariboo,Stone 1,Indian reserve,0,0,205,25,25,0,20,10,10,0,0,0,10,15,20,15,0,30,0,45,40,10
5941850,Cariboo,Toosey 1,Indian reserve,0,0,110,30,10,0,10,10,15,0,0,0,10,25,0,20,0,20,0,45,40,0
5941880,Cariboo,Ulkatcho 14A,Indian reserve,0,10,135,35,25,0,0,15,30,10,0,0,10,40,10,15,0,40,0,60,50,10
5941882,Cariboo,Alexandria,Indian reserve,0,0,55,10,10,10,0,0,0,0,0,0,0,10,0,10,0,10,0,15,10,0
5943008,Mount Waddington,Alert Bay,Village,105,25,310,195,15,85,80,15,0,0,0,65,0,75,55,145,70,0,0,215,205,0
5943012,Mount Waddington,Port McNeill,Town,225,385,2010,970,60,15,535,220,240,15,0,50,245,355,375,765,265,0,45,980,1025,0
5943023,Mount Waddington,Port Hardy,District municipality,430,565,2960,1590,165,50,1185,355,100,40,0,200,430,670,450,1260,495,0,250,1500,1720,30
5943027,Mount Waddington,Mount Waddington B,Regional district electoral area,0,20,30,25,15,0,20,0,0,0,0,15,0,20,0,15,20,0,0,40,40,0
5943033,Mount Waddington,Mount Waddington D,Regional district electoral area,20,30,95,35,0,0,10,0,0,0,0,0,0,35,0,45,0,0,0,50,50,0
5943037,Mount Waddington,Mount Waddington A,Regional district electoral area,135,160,670,365,160,175,125,75,90,20,35,80,170,150,120,425,95,0,0,515,510,10
5943804,Mount Waddington,Fort Rupert 1,Indian reserve,0,0,45,10,10,0,0,10,0,0,0,0,0,10,0,15,0,0,0,15,15,0
5943806,Mount Waddington,Tsulquate 4,Indian reserve,10,10,470,80,25,0,15,35,30,10,20,0,25,30,50,50,10,45,0,105,90,15
5943808,Mount Waddington,Gwayasdums 1,Indian reserve,0,0,45,0,10,0,0,0,0,0,0,0,10,10,0,10,0,10,0,15,15,0
5943813,Mount Waddington,Quaee 7,Indian reserve,0,10,85,20,10,10,10,0,15,0,0,0,10,10,15,20,0,10,0,35,35,0
5943815,Mount Waddington,Kippase 2,Indian reserve,0,0,205,50,25,0,10,55,10,0,0,0,15,30,25,50,15,15,0,75,75,0
5943816,Mount Waddington,Quatsino Subdivision 18,Indian reserve,0,10,210,60,15,0,20,20,15,10,15,10,10,35,25,35,20,20,0,75,70,0
5943837,Mount Waddington,Alert Bay,Indian reserve,10,25,500,150,55,25,45,45,70,20,10,15,60,90,50,140,15,50,0,210,210,0
5945012,Central Coast,Central Coast D,Regional district electoral area,40,100,240,150,30,50,45,35,40,0,0,0,75,55,35,145,30,0,0,175,180,0
5945801,Central Coast,Bella Bella 1,Indian reserve,15,15,1070,160,200,10,60,165,65,25,25,20,65,165,110,210,70,85,0,350,340,20
5945802,Central Coast,Bella Coola 1,Indian reserve,10,10,835,145,110,15,80,90,50,10,10,25,50,110,80,195,30,30,0,255,230,25
5945803,Central Coast,Katit 1,Indian reserve,0,0,60,15,20,0,10,10,10,0,0,0,0,25,0,20,10,0,0,35,35,0
5947012,Skeena-Queen Charlotte,Prince Rupert,City,1525,2145,8690,4320,655,1840,1945,755,345,45,50,585,1030,1750,1615,2980,2000,0,195,4785,4895,85
5947803,Skeena-Queen Charlotte,Masset 1,Indian reserve,0,15,590,80,160,15,40,95,70,20,0,15,45,125,60,225,10,0,0,240,235,0
5947804,Skeena-Queen Charlotte,Skidegate 1,Indian reserve,15,40,655,275,20,0,20,90,140,30,0,10,110,110,65,260,30,0,0,295,295,0
5947807,Skeena-Queen Charlotte,Dolphin Island 1,Indian reserve,0,0,485,65,75,0,20,65,45,10,0,0,30,45,55,55,20,65,0,140,120,15
5949005,Kitimat-Stikine,Kitimat,District municipality,1645,1830,4870,3365,280,1340,1600,440,170,0,65,190,515,1570,1365,2810,835,0,245,3405,3610,30
5949011,Kitimat-Stikine,Terrace,City,1295,2155,7855,4090,445,700,2255,525,805,120,125,365,925,1510,1730,3190,1345,0,360,4175,4485,50
5949013,Kitimat-Stikine,Kitimat-Stikine C (Part 1),Regional district electoral area,385,505,1705,890,200,105,400,340,170,35,50,70,335,380,315,850,245,0,0,1095,1090,0
5949018,Kitimat-Stikine,Kitimat-Stikine E,Regional district electoral area,255,495,3225,1430,245,175,940,325,175,35,30,140,535,595,415,1230,445,0,10,1670,1655,20
5949022,Kitimat-Stikine,Hazelton,Village,0,25,200,85,0,10,35,30,0,0,0,0,0,45,40,55,45,0,0,100,100,0
5949024,Kitimat-Stikine,New Hazelton,District municipality,40,100,505,205,30,20,125,70,15,0,0,25,75,70,75,160,75,0,0,230,230,0
5949028,Kitimat-Stikine,Kitimat-Stikine B,Regional district electoral area,345,300,935,530,145,75,305,125,140,0,0,110,175,240,150,575,100,0,0,670,670,0
5949802,Kitimat-Stikine,Kitasoo 1,Indian reserve,0,0,310,40,55,0,15,25,35,15,0,0,20,45,25,40,10,55,0,90,85,10
5949803,Kitimat-Stikine,Kitamaat 2,Indian reserve,0,0,505,95,85,10,40,60,35,15,25,0,15,110,50,150,15,15,0,175,165,10
5949807,Kitimat-Stikine,Kulspai 6,Indian reserve,0,0,75,15,10,0,10,10,0,0,0,0,0,10,10,20,0,10,0,20,20,0
5949810,Kitimat-Stikine,Coryatsaqua (Moricetown) 2,Indian reserve,0,0,80,15,20,0,15,10,10,0,0,0,10,15,10,20,10,10,0,35,35,0
5949811,Kitimat-Stikine,Hagwilget 1,Indian reserve,0,0,225,30,45,0,25,20,25,0,0,0,20,40,20,60,15,0,0,80,70,10
5949812,Kitimat-Stikine,Gitanmaax 1,Indian reserve,0,15,615,155,50,10,50,85,50,10,10,0,45,85,75,165,15,25,10,205,200,10
5949813,Kitimat-Stikine,Kispiox 1,Indian reserve,0,10,520,110,80,0,55,60,50,0,20,10,45,80,55,125,20,45,0,185,180,10
5949816,Kitimat-Stikine,Gitwangak 1,Indian reserve,0,15,485,75,70,0,25,65,35,10,15,0,15,95,40,70,25,60,0,150,145,10
5949817,Kitimat-Stikine,Moricetown 1,Indian reserve,0,10,255,60,35,10,30,25,25,0,0,0,20,30,35,50,10,35,0,90,85,0
5949818,Kitimat-Stikine,Sik-e-dakh 2,Indian reserve,0,10,215,45,25,0,20,25,20,0,0,0,15,35,20,45,10,15,0,70,65,0
5949819,Kitimat-Stikine,Babine 17,Indian reserve,0,10,165,25,20,0,15,25,0,0,0,0,0,15,30,30,0,10,0,50,45,0
5949832,Kitimat-Stikine,Iskut 6,Indian reserve,0,0,205,60,10,0,10,45,10,0,0,0,15,40,15,50,10,15,0,70,65,0
5949843,Kitimat-Stikine,Guhthe Tah 12,Indian reserve,0,0,155,35,20,0,0,25,20,0,0,0,15,25,10,35,0,15,0,55,50,0
5949844,Kitimat-Stikine,Kitselas 1,Indian reserve,0,15,200,65,10,0,0,0,10,10,55,0,0,55,15,55,20,0,0,70,60,15
5949845,Kitimat-Stikine,Dease Lake 9,Indian reserve,0,0,50,0,10,0,0,0,15,0,0,0,0,10,0,10,0,10,0,15,15,0
5951007,Bulkley-Nechako,Vanderhoof,District municipality,520,810,3040,1535,170,235,735,245,265,85,135,130,455,525,595,1270,435,0,70,1630,1705,0
5951009,Bulkley-Nechako,Fraser Lake,Village,80,170,870,400,60,35,320,80,0,0,0,75,35,210,145,335,130,0,0,450,460,0
5951013,Bulkley-Nechako,Fort St. James,District municipality,160,185,1285,550,125,135,390,30,95,0,0,45,160,280,190,450,225,0,30,645,670,0
5951015,Bulkley-Nechako,Bulkley-Nechako C,Regional district electoral area,115,245,1120,515,90,10,270,135,150,10,20,35,165,175,225,560,40,0,0,600,600,0
5951022,Bulkley-Nechako,Burns Lake,Village,185,330,1465,695,80,115,350,135,145,15,0,130,180,200,260,405,370,0,20,750,755,15
5951028,Bulkley-Nechako,Bulkley-Nechako B,Regional district electoral area,170,430,1490,665,105,115,340,125,145,35,15,15,150,330,270,675,95,0,0,770,765,0
5951031,Bulkley-Nechako,Bulkley-Nechako E,Regional district electoral area,260,375,865,535,70,70,235,175,60,40,35,70,110,180,250,520,80,0,0,605,590,0
5951032,Bulkley-Nechako,Granisle,Village,80,75,145,145,0,0,160,0,0,0,0,0,45,70,45,155,0,0,0,160,170,0
5951034,Bulkley-Nechako,Houston,District municipality,405,470,2265,1130,130,20,705,275,225,0,40,230,320,255,455,875,385,0,70,1195,1245,0
5951038,Bulkley-Nechako,Telkwa,Village,100,315,1000,460,40,90,135,110,155,0,0,0,130,165,195,445,55,0,0,480,500,0
5951043,Bulkley-Nechako,Smithers,Town,600,1040,3690,2090,105,315,765,395,560,30,130,275,535,580,805,1675,520,0,155,2035,2180,0
5951051,Bulkley-Nechako,Bulkley-Nechako A,Regional district electoral area,740,1345,3220,1775,240,175,795,470,435,70,75,115,350,775,775,1790,225,0,0,2020,1980,35
5951053,Bulkley-Nechako,Bulkley-Nechako G,Regional district electoral area,85,230,660,310,85,50,200,75,50,0,15,0,110,160,120,335,60,0,0,400,390,0
5951801,Bulkley-Nechako,Ye Koo Che 3,Indian reserve,0,0,90,10,25,0,0,10,15,10,0,0,0,15,0,10,0,15,0,30,25,0
5951802,Bulkley-Nechako,Nautley (Fort Fraser) 1,Indian reserve,0,0,200,25,40,0,15,15,20,0,10,10,15,30,15,10,10,55,0,65,60,0
5951803,Bulkley-Nechako,Nak'azdli (Necoslie 1),Indian reserve,0,0,530,90,100,0,25,65,60,25,0,10,50,75,45,115,15,55,0,185,165,20
5951805,Bulkley-Nechako,Binche 2 (Pinchie 2),Indian reserve,0,0,110,20,15,0,0,10,15,0,0,0,0,20,10,10,0,20,0,35,35,0
5951807,Bulkley-Nechako,Stellaquo (Stella) 1,Indian reserve,0,10,200,45,20,0,10,15,30,0,10,0,10,40,15,25,0,35,0,70,65,0
5951809,Bulkley-Nechako,Stony Creek 1,Indian reserve,0,15,345,70,65,0,15,55,60,0,0,20,25,65,30,70,30,40,0,140,130,10
5951810,Bulkley-Nechako,Tache 1,Indian reserve,0,0,465,65,60,0,15,45,55,0,15,0,25,65,30,45,15,70,0,125,120,10
5951815,Bulkley-Nechako,Burns Lake 18,Indian reserve,0,0,55,15,10,0,0,10,0,0,0,0,10,0,10,0,0,10,0,20,20,0
5951818,Bulkley-Nechako,Cheslatta 1,Indian reserve,0,0,80,20,10,0,10,10,15,0,0,0,10,10,0,0,0,30,0,35,35,0
5951827,Bulkley-Nechako,Woyenne 27,Indian reserve,0,0,285,45,30,0,10,35,25,0,0,0,10,15,50,15,10,50,0,75,65,10
5951828,Bulkley-Nechako,Babine  6,Indian reserve,0,0,90,15,15,0,0,15,10,0,10,0,0,10,15,0,0,30,0,25,30,0
5951829,Bulkley-Nechako,Babine 25,Indian reserve,0,0,80,15,15,0,0,15,10,0,0,0,0,0,20,0,0,25,0,30,30,0
5951848,Bulkley-Nechako,North Tacla Lake,Indian reserve,0,0,170,25,30,0,10,20,20,0,10,0,0,25,20,20,0,30,0,55,50,0
5953007,Fraser-Fort George,Valemount,Village,105,240,625,420,50,65,215,75,55,40,25,40,175,200,60,350,130,0,0,470,470,0
5953012,Fraser-Fort George,McBride,Village,85,140,340,200,55,70,110,30,0,0,30,55,75,80,40,180,70,0,15,235,245,0
5953019,Fraser-Fort George,Fraser-Fort George H,Regional district electoral area,255,335,1060,575,115,135,240,105,140,0,50,85,195,295,120,625,70,0,0,695,665,0
5953023,Fraser-Fort George,Prince George,City,7460,12830,50505,26955,2305,3550,15820,3760,4220,780,1135,2390,6180,9710,10985,20425,8840,0,2385,26875,29070,190
5953033,Fraser-Fort George,Mackenzie,District municipality,220,475,2875,1390,175,90,1235,105,135,0,0,190,240,575,565,1210,355,0,90,1475,1535,0
5953038,Fraser-Fort George,Fraser-Fort George A,Regional district electoral area,360,570,2335,1110,135,85,420,245,420,30,50,30,270,520,425,1195,50,0,0,1245,1230,0
5953042,Fraser-Fort George,Fraser-Fort George C,Regional district electoral area,300,675,2470,1195,70,30,395,215,480,50,90,45,170,480,570,1235,35,0,0,1260,1260,0
5953044,Fraser-Fort George,Fraser-Fort George D,Regional district electoral area,220,745,3205,1445,195,105,780,235,345,60,110,50,395,640,555,1550,90,0,0,1625,1635,0
5953048,Fraser-Fort George,Fraser-Fort George F,Regional district electoral area,150,250,775,430,120,75,210,95,120,0,0,65,125,195,165,480,70,0,0,550,540,0
5953802,Fraser-Fort George,McLeod Lake 1,Indian reserve,0,0,75,30,10,0,0,15,15,10,0,0,10,25,0,10,0,30,0,45,40,0
5955003,Peace River,Tumbler Ridge,District municipality,135,420,2255,1000,140,0,70,965,70,0,30,140,190,440,375,785,360,0,145,1000,1140,0
5955010,Peace River,Chetwynd,District municipality,270,290,2040,855,195,25,490,360,100,0,55,95,265,360,335,665,390,0,40,1015,1040,0
5955014,Peace River,Dawson Creek,City,890,1800,8550,4375,485,1220,2195,425,445,200,375,775,1415,1345,1330,3110,1745,0,375,4485,4780,80
5955021,Peace River,Peace River D,Regional district electoral area,450,855,3890,1760,270,235,860,285,390,110,155,110,435,805,675,1845,185,0,0,2030,1995,35
5955025,Peace River,Hudson's Hope,District municipality,75,130,760,380,45,0,280,85,25,15,0,40,140,125,120,310,115,0,0,405,425,0
5955030,Peace River,Taylor,District municipality,40,185,1175,495,40,25,175,115,115,35,75,30,145,275,95,425,115,0,0,540,535,0
5955034,Peace River,Fort St. John,City,1340,2545,14565,6905,570,580,3415,1020,735,865,865,960,1875,2350,2290,4535,2945,0,565,6920,7385,95
5955040,Peace River,Peace River B,Regional district electoral area,620,810,3725,1455,140,150,490,310,270,165,215,30,300,615,650,1465,130,0,0,1600,1525,75
5955042,Peace River,Peace River C,Regional district electoral area,355,930,5105,1990,350,235,975,275,500,200,150,130,430,1020,760,2090,250,0,0,2320,2315,25
5955801,Peace River,East Moberly Lake 169,Indian reserve,0,0,315,55,50,0,15,25,40,15,10,10,25,45,25,55,20,30,0,105,100,10
5955802,Peace River,West Moberly Lake 168A,Indian reserve,0,10,55,20,10,0,0,0,0,10,10,0,10,10,0,15,10,10,0,25,25,0
5955803,Peace River,Blueberry River 205,Indian reserve,0,0,210,60,10,0,0,25,10,15,15,10,10,30,15,15,15,40,0,60,60,0
5955807,Peace River,Fort Ware 1,Indian reserve,0,0,245,35,40,0,0,20,30,10,15,10,35,25,10,10,25,40,0,75,70,10
5955808,Peace River,Halfway River 168,Indian reserve,0,0,160,45,15,0,0,20,25,10,0,0,25,15,15,10,10,35,0,55,50,0
5955812,Peace River,Ingenika Point,Indian settlement,0,0,100,15,15,0,0,10,15,10,0,0,10,15,0,10,0,15,0,30,25,10
5957803,Stikine,Five Mile Point  3,Indian reserve,0,0,50,25,0,0,0,10,20,0,0,0,15,10,0,10,10,10,0,30,30,0
5957813,Stikine,Lower Post,Indian settlement,0,0,95,20,15,0,10,10,15,0,0,10,15,0,0,0,0,30,0,40,30,10
5957814,Stikine,Liard River 3,Indian reserve,0,0,60,20,10,0,10,10,10,10,0,0,15,0,0,10,0,15,0,25,25,0
5959007,Northern Rockies,Northern Rockies,Regional municipality,290,670,4015,1620,370,120,1060,110,390,150,150,235,490,650,620,1470,520,0,145,1845,1930,60
5959806,Northern Rockies,Fort Nelson 2,Indian reserve,0,10,435,90,45,0,30,25,50,25,10,0,35,60,45,115,10,15,0,145,140,0
5959810,Northern Rockies,Prophet River 4,Indian reserve,0,0,125,35,15,0,0,20,10,10,0,15,10,15,10,10,0,30,0,45,45,0